{
    "name": "日落伊甸园", 
    "version": "1.0.1", 
    "scriptFileList_inject_early": [],
    "scriptFileList_earlyload": [
    ],
    "scriptFileList_preload": [
    ],
    "styleFileList": [
        "code/edenmap.css"
    ],
    "scriptFileList": [
        "code/eden_cabin_map.js",
        "code/edenmap_function.js"
    ],
    "tweeFileList": [
        "code/eden_cabin_map.twee",
        "code/eden_radio.twee",
        "code/eden_transform.twee",
        "code/eden_indoor_map.twee"
    ],
    "imgFileList": [
        "img/misc/edenmap.gif",
        "img/misc/edenmapnight.png",
        "img/misc/edenmapnight_light.png",
        "img/misc/edenmapnight_light_blur.png",
        "img/misc/edenmapfence.png",
        "img/misc/edenmushroom1.png",
        "img/misc/edenmushroom2.png",
        "img/misc/edenmushroom3.png",
        "img/misc/edenmushroom4.png",
        "img/misc/edenweeding1.png",
        "img/misc/edenweeding2.png",
        "img/misc/edenweeding3.png",
        "img/misc/edenweeding0.png",
        "img/misc/edenspring1.gif",
        "img/misc/edenspring2.gif",
        "img/misc/edenspring3.gif",
        "img/misc/edenspring0.gif",
        "img/misc/lil_pc/front/body.gif",
        "img/misc/lil_pc/front/hair.gif",
        "img/misc/lil_pc/front/left_eye.gif",
        "img/misc/lil_pc/front/right_eye.gif",
        "img/misc/lil_pc/front/shirt.gif",
        "img/misc/lil_pc/front/shoes.gif",
        "img/misc/lil_pc/front/dress.gif",
        "img/misc/lil_pc/front/shorts.gif",
        "img/misc/lil_pc/front/mask.gif",
        "img/misc/lil_pc/left/body.gif",
        "img/misc/lil_pc/left/hair.gif",
        "img/misc/lil_pc/left/left_eye.gif",
        "img/misc/lil_pc/left/right_eye.gif",
        "img/misc/lil_pc/left/shirt.gif",
        "img/misc/lil_pc/left/shoes.gif",
        "img/misc/lil_pc/left/dress.gif",
        "img/misc/lil_pc/left/shorts.gif",
        "img/misc/lil_pc/left/mask.gif",
        "img/misc/lil_pc/right/body.gif",
        "img/misc/lil_pc/right/hair.gif",
        "img/misc/lil_pc/right/left_eye.gif",
        "img/misc/lil_pc/right/right_eye.gif",
        "img/misc/lil_pc/right/shirt.gif",
        "img/misc/lil_pc/right/shoes.gif",
        "img/misc/lil_pc/right/dress.gif",
        "img/misc/lil_pc/right/shorts.gif",
        "img/misc/lil_pc/right/mask.gif",
        "img/misc/lil_pc/back/body.gif",
        "img/misc/lil_pc/back/hair.gif",
        "img/misc/lil_pc/back/left_eye.gif",
        "img/misc/lil_pc/back/right_eye.gif",
        "img/misc/lil_pc/back/shirt.gif",
        "img/misc/lil_pc/back/shoes.gif",
        "img/misc/lil_pc/back/dress.gif",
        "img/misc/lil_pc/back/shorts.gif",
        "img/misc/lil_pc/back/mask.gif",
        "img/misc/indoor/main.png",
        "img/misc/indoor/table.png",
        "img/misc/indoor/carpet.png",
        "img/misc/indoor/hatstand.png",
        "img/misc/indoor/wall.png",
        "img/misc/indoor/tub.png",
        "img/misc/indoor/cushion.png",
        "img/misc/indoor/scarf.png",
        "img/misc/indoor/radio.png",
        "img/misc/indoor/tub_full.png",
        "img/misc/indoor/sew.png",
        "img/misc/indoor/supplies.png",
        "img/misc/indoor/food/dailyfood1.png",
        "img/misc/indoor/food/dailyfood2.png",
        "img/misc/indoor/food/dailyfood3.png",
        "img/misc/indoor/food/dailyfood4.png",
        "img/misc/indoor/food/dailyfood5.png",
        "img/misc/indoor/food/xmas.png",
        "img/misc/indoor/food/breakfast.png",
        "img/misc/indoor/food/special_breakfast0.png",
        "img/misc/indoor/food/special_breakfast1.png",
        "img/misc/indoor/food/special_breakfast2.png",
        "img/misc/indoor/food/special_breakfast3.png",
        "img/misc/indoor/food/special_breakfast4.png",
        "img/misc/indoor/indoor_night.png",
        "img/misc/indoor/indoor_night_fire.gif",
        "img/misc/indoor/indoor_night_fireplace.gif",
        "img/misc/indoor/indoor_night_light.png",
        "img/misc/lil_eden/bath_f.gif",
        "img/misc/lil_eden/bath_m.gif",
        "img/misc/lil_eden/sit_m.gif",
        "img/misc/lil_eden/sit_f.gif",
        "img/misc/lil_eden/bath_withpc_f.gif",
        "img/misc/lil_eden/bath_withpc_m.gif",
        "img/misc/lil_eden/default_f.gif",
        "img/misc/lil_eden/default_m.gif",
        "img/misc/lil_eden/read_f.gif",
        "img/misc/lil_eden/read_m.gif",
        "img/misc/lil_eden/water_m.gif",
        "img/misc/lil_eden/water_f.gif",
        "img/misc/lil_eden/read_tease_m.gif",
        "img/misc/lil_eden/read_tease_f.gif",
        "img/misc/lil_eden/sleep_f.gif",
        "img/misc/lil_eden/sleep_m.gif",
        "img/misc/lil_eden/axe_m.gif",
        "img/misc/lil_eden/axe_f.gif",
        "img/misc/lil_eden/sleep_withpc_f.gif",
        "img/misc/lil_eden/sleep_withpc_m.gif",
        "img/misc/lil_eden/morning_m.gif",
        "img/misc/lil_eden/morning_f.gif",
        "img/misc/lil_eden/ask_m.gif",
        "img/misc/lil_eden/ask_effect.gif",
        "img/misc/lil_eden/ask_f.gif",
        "img/misc/lil_eden/sleep_lust_f.gif",
        "img/misc/lil_eden/sleep_lust_m.gif",
        "img/misc/lil_eden/sleep_lust_push_m.gif",
        "img/misc/lil_eden/sleep_lust_push_f.gif",
        "img/misc/lil_eden/breakfast_lust_f.gif",
        "img/misc/lil_eden/breakfast_lust_m.gif",
        "img/misc/lil_eden/weeding_lust_m.gif",
        "img/misc/lil_eden/weeding_lust_f.gif",
        "img/misc/lil_eden/peel_m.gif",
        "img/misc/lil_eden/peel_f.gif",
        "img/misc/lil_eden/cushion_m.gif",
        "img/misc/lil_eden/cushion_f.gif",
        "img/misc/lil_eden/zzz.gif",
        "img/misc/lil_eden/angry.gif",
        "img/misc/lil_eden/dance_f.gif",
        "img/misc/lil_eden/dance_m.gif",
        "img/misc/lil_eden/squat_f.gif",
        "img/misc/lil_eden/squat_m.gif",
        "img/misc/lil_eden/shoot_m.gif",
        "img/misc/lil_eden/shoot_f.gif",
        "img/misc/lil_eden/wound_stand_m.gif",
        "img/misc/lil_eden/wound_stand_f.gif",
        "img/misc/lil_eden/wound_sit_f.gif",
        "img/misc/lil_eden/wound_sit_m.gif",
        "img/misc/lil_eden/lunch_m.gif",
        "img/misc/lil_eden/lunch_f.gif",
        "img/misc/lil_eden/wound_sit_smile_m.gif",
        "img/misc/lil_eden/wound_sit_smile_f.gif",
        "img/misc/lil_eden/wound_bandage_f.gif",
        "img/misc/lil_eden/wound_bandage_m.gif",
        "img/misc/lil_eden/pet_head_m.gif",
        "img/misc/lil_eden/pet_head_f.gif",
        "img/misc/lil_eden/gun_m.gif",
        "img/misc/lil_eden/gun_f.gif",
        "img/misc/lil_pc/bath/body.gif",
        "img/misc/lil_pc/bath/hair.gif",
        "img/misc/lil_pc/bath/left_eye.gif",
        "img/misc/lil_pc/bath/right_eye.gif",
        "img/misc/lil_pc/bath/shirt.gif",
        "img/misc/lil_pc/bath/shoes.gif",
        "img/misc/lil_pc/bath/dress.gif",
        "img/misc/lil_pc/bath/shorts.gif",
        "img/misc/lil_pc/bath/mask.gif",
        "img/misc/lil_pc/sit_right/body.gif",
        "img/misc/lil_pc/sit_right/hair.gif",
        "img/misc/lil_pc/sit_right/left_eye.gif",
        "img/misc/lil_pc/sit_right/right_eye.gif",
        "img/misc/lil_pc/sit_right/shirt.gif",
        "img/misc/lil_pc/sit_right/shoes.gif",
        "img/misc/lil_pc/sit_right/dress.gif",
        "img/misc/lil_pc/sit_right/shorts.gif",
        "img/misc/lil_pc/sit_right/mask.gif",
        "img/misc/lil_pc/sit_left/body.gif",
        "img/misc/lil_pc/sit_left/hair.gif",
        "img/misc/lil_pc/sit_left/left_eye.gif",
        "img/misc/lil_pc/sit_left/right_eye.gif",
        "img/misc/lil_pc/sit_left/shirt.gif",
        "img/misc/lil_pc/sit_left/shoes.gif",
        "img/misc/lil_pc/sit_left/dress.gif",
        "img/misc/lil_pc/sit_left/shorts.gif",
        "img/misc/lil_pc/sit_left/mask.gif",
        "img/misc/lil_pc/read/body.gif",
        "img/misc/lil_pc/read/hair.gif",
        "img/misc/lil_pc/read/left_eye.gif",
        "img/misc/lil_pc/read/right_eye.gif",
        "img/misc/lil_pc/read/shirt.gif",
        "img/misc/lil_pc/read/shoes.gif",
        "img/misc/lil_pc/read/dress.gif",
        "img/misc/lil_pc/read/shorts.gif",
        "img/misc/lil_pc/read/mask.gif",
        "img/misc/lil_pc/sleep/body.gif",
        "img/misc/lil_pc/sleep/hair.gif",
        "img/misc/lil_pc/sleep/left_eye.gif",
        "img/misc/lil_pc/sleep/right_eye.gif",
        "img/misc/lil_pc/sleep/shirt.gif",
        "img/misc/lil_pc/sleep/shoes.gif",
        "img/misc/lil_pc/sleep/dress.gif",
        "img/misc/lil_pc/sleep/shorts.gif",
        "img/misc/lil_pc/sleep/mask.gif",
        "img/misc/lil_pc/sleep_witheden/body.gif",
        "img/misc/lil_pc/sleep_witheden/hair.gif",
        "img/misc/lil_pc/sleep_witheden/left_eye.gif",
        "img/misc/lil_pc/sleep_witheden/right_eye.gif",
        "img/misc/lil_pc/sleep_witheden/shirt.gif",
        "img/misc/lil_pc/sleep_witheden/shoes.gif",
        "img/misc/lil_pc/sleep_witheden/dress.gif",
        "img/misc/lil_pc/sleep_witheden/shorts.gif",
        "img/misc/lil_pc/sleep_witheden/mask.gif",
        "img/misc/lil_pc/bed/body.gif",
        "img/misc/lil_pc/bed/hair.gif",
        "img/misc/lil_pc/bed/left_eye.gif",
        "img/misc/lil_pc/bed/right_eye.gif",
        "img/misc/lil_pc/bed/shirt.gif",
        "img/misc/lil_pc/bed/shoes.gif",
        "img/misc/lil_pc/bed/dress.gif",
        "img/misc/lil_pc/bed/shorts.gif",
        "img/misc/lil_pc/bed/mask.gif",
        "img/misc/lil_pc/bed_witheden/body.gif",
        "img/misc/lil_pc/bed_witheden/hair.gif",
        "img/misc/lil_pc/bed_witheden/left_eye.gif",
        "img/misc/lil_pc/bed_witheden/right_eye.gif",
        "img/misc/lil_pc/bed_witheden/shirt.gif",
        "img/misc/lil_pc/bed_witheden/shoes.gif",
        "img/misc/lil_pc/bed_witheden/dress.gif",
        "img/misc/lil_pc/bed_witheden/shorts.gif",
        "img/misc/lil_pc/bed_witheden/mask.gif",
        "img/misc/lil_pc/sleep_lust_push/body.gif",
        "img/misc/lil_pc/sleep_lust_push/hair.gif",
        "img/misc/lil_pc/sleep_lust_push/left_eye.gif",
        "img/misc/lil_pc/sleep_lust_push/right_eye.gif",
        "img/misc/lil_pc/sleep_lust_push/shirt.gif",
        "img/misc/lil_pc/sleep_lust_push/shoes.gif",
        "img/misc/lil_pc/sleep_lust_push/dress.gif",
        "img/misc/lil_pc/sleep_lust_push/shorts.gif",
        "img/misc/lil_pc/sleep_lust_push/mask.gif",
        "img/misc/lil_pc/cushion/body.gif",
        "img/misc/lil_pc/cushion/hair.gif",
        "img/misc/lil_pc/cushion/left_eye.gif",
        "img/misc/lil_pc/cushion/right_eye.gif",
        "img/misc/lil_pc/cushion/shirt.gif",
        "img/misc/lil_pc/cushion/shoes.gif",
        "img/misc/lil_pc/cushion/dress.gif",
        "img/misc/lil_pc/cushion/shorts.gif",
        "img/misc/lil_pc/cushion/mask.gif",
        "img/misc/lil_pc/weeding/body.gif",
        "img/misc/lil_pc/weeding/hair.gif",
        "img/misc/lil_pc/weeding/left_eye.gif",
        "img/misc/lil_pc/weeding/right_eye.gif",
        "img/misc/lil_pc/weeding/shirt.gif",
        "img/misc/lil_pc/weeding/shoes.gif",
        "img/misc/lil_pc/weeding/dress.gif",
        "img/misc/lil_pc/weeding/shorts.gif",
        "img/misc/lil_pc/weeding/mask.gif",
        "img/misc/lil_pc/dance/body.gif",
        "img/misc/lil_pc/dance/hair.gif",
        "img/misc/lil_pc/dance/left_eye.gif",
        "img/misc/lil_pc/dance/right_eye.gif",
        "img/misc/lil_pc/dance/shirt.gif",
        "img/misc/lil_pc/dance/shoes.gif",
        "img/misc/lil_pc/dance/dress.gif",
        "img/misc/lil_pc/dance/shorts.gif",
        "img/misc/lil_pc/dance/mask.gif",
        "img/misc/lil_pc/spring/body.gif",
        "img/misc/lil_pc/spring/hair.gif",
        "img/misc/lil_pc/spring/left_eye.gif",
        "img/misc/lil_pc/spring/right_eye.gif",
        "img/misc/lil_pc/spring/shirt.gif",
        "img/misc/lil_pc/spring/shoes.gif",
        "img/misc/lil_pc/spring/dress.gif",
        "img/misc/lil_pc/spring/shorts.gif",
        "img/misc/lil_pc/spring/mask.gif",
        "img/misc/lil_pc/weeding_lust/body.gif",
        "img/misc/lil_pc/weeding_lust/hair.gif",
        "img/misc/lil_pc/weeding_lust/left_eye.gif",
        "img/misc/lil_pc/weeding_lust/right_eye.gif",
        "img/misc/lil_pc/weeding_lust/shirt.gif",
        "img/misc/lil_pc/weeding_lust/shoes.gif",
        "img/misc/lil_pc/weeding_lust/dress.gif",
        "img/misc/lil_pc/weeding_lust/shorts.gif",
        "img/misc/lil_pc/weeding_lust/mask.gif",
        "img/misc/lil_pc/lunch0/body.gif",
        "img/misc/lil_pc/lunch0/hair.gif",
        "img/misc/lil_pc/lunch0/left_eye.gif",
        "img/misc/lil_pc/lunch0/right_eye.gif",
        "img/misc/lil_pc/lunch0/shirt.gif",
        "img/misc/lil_pc/lunch0/shoes.gif",
        "img/misc/lil_pc/lunch0/dress.gif",
        "img/misc/lil_pc/lunch0/shorts.gif",
        "img/misc/lil_pc/lunch0/mask.gif",
        "img/misc/lil_pc/lunch1/body.gif",
        "img/misc/lil_pc/lunch1/hair.gif",
        "img/misc/lil_pc/lunch1/left_eye.gif",
        "img/misc/lil_pc/lunch1/right_eye.gif",
        "img/misc/lil_pc/lunch1/shirt.gif",
        "img/misc/lil_pc/lunch1/shoes.gif",
        "img/misc/lil_pc/lunch1/dress.gif",
        "img/misc/lil_pc/lunch1/shorts.gif",
        "img/misc/lil_pc/lunch1/mask.gif",
        "img/misc/lil_pc/lunch2/body.gif",
        "img/misc/lil_pc/lunch2/hair.gif",
        "img/misc/lil_pc/lunch2/left_eye.gif",
        "img/misc/lil_pc/lunch2/right_eye.gif",
        "img/misc/lil_pc/lunch2/shirt.gif",
        "img/misc/lil_pc/lunch2/shoes.gif",
        "img/misc/lil_pc/lunch2/dress.gif",
        "img/misc/lil_pc/lunch2/shorts.gif",
        "img/misc/lil_pc/lunch2/mask.gif",
        "img/misc/lil_pc/lunch3/body.gif",
        "img/misc/lil_pc/lunch3/hair.gif",
        "img/misc/lil_pc/lunch3/left_eye.gif",
        "img/misc/lil_pc/lunch3/right_eye.gif",
        "img/misc/lil_pc/lunch3/shirt.gif",
        "img/misc/lil_pc/lunch3/shoes.gif",
        "img/misc/lil_pc/lunch3/dress.gif",
        "img/misc/lil_pc/lunch3/shorts.gif",
        "img/misc/lil_pc/lunch3/mask.gif",
        "img/misc/lil_pc/lunch4/body.gif",
        "img/misc/lil_pc/lunch4/hair.gif",
        "img/misc/lil_pc/lunch4/left_eye.gif",
        "img/misc/lil_pc/lunch4/right_eye.gif",
        "img/misc/lil_pc/lunch4/shirt.gif",
        "img/misc/lil_pc/lunch4/shoes.gif",
        "img/misc/lil_pc/lunch4/dress.gif",
        "img/misc/lil_pc/lunch4/shorts.gif",
        "img/misc/lil_pc/lunch4/mask.gif",
        "img/misc/lil_pc/shoot/body.gif",
        "img/misc/lil_pc/shoot/hair.gif",
        "img/misc/lil_pc/shoot/left_eye.gif",
        "img/misc/lil_pc/shoot/right_eye.gif",
        "img/misc/lil_pc/shoot/shirt.gif",
        "img/misc/lil_pc/shoot/shoes.gif",
        "img/misc/lil_pc/shoot/dress.gif",
        "img/misc/lil_pc/shoot/shorts.gif",
        "img/misc/lil_pc/shoot/mask.gif",
        "img/misc/lil_pc/mirror.png",
        "img/misc/lil_pc/talk0.gif",
        "img/misc/lil_pc/talk1.gif",
        "img/misc/lil_pc/talk2.gif",
        "img/misc/lil_pc/talk3.gif",
        "img/misc/lil_pc/trauma.gif",
        "img/misc/lil_pc/chain.gif",
        "img/misc/edenmap_winter.png",
        "img/misc/cage.png",
        "img/misc/cage_open.png",
        "img/misc/coat.png"
    ],
    "additionFile": [],
    "addonPlugin": [
      {
        "modName": "TweeReplacer",
        "addonName": "TweeReplacerAddon",
        "modVersion": "1.0.0",
        "params": [
          {
            "passage": "Cabin House Actions",
            "findString": "<</if>>\n<br>\n<<furnitureicon",
            "replace": "<</if>>\n<br><<edenicon 'radio'>><<link[[用收音机听音乐 (0:10)|Eden Radio]]>><<endevent>><<pass 10>><<stress -3>><</link>><<lstress>><br><br>\n<<furnitureicon",
            "_comment1": "伊甸小屋添加收音机入口"
          },
          {
            "passage": "Clearing Eden Actions",
            "findString": "<<effects>>\n<<clearingedenactions>>",
            "replace": "<<effects>>\n<<if ($NPCName[6].love gte 50 && random(1,10) is 10 && ($transformationParts.wolf.ears isnot 'hidden' or $transformationParts.cat.ears isnot 'hidden' or $transformationParts.fox.ears isnot 'hidden') && $daily.eden_pet_head isnot 1) && ($wolfgirl gte 4 || $cat gte 4 || $fox gte 4)>><<npc Eden>><<person1>>伊甸看向你的<<if $wolfgirl gte 4>>狼<<elseif $fox gte 4>>狐<<elseif $cat gte 4>>猫<</if>>耳，看着你的耳朵因为一阵风吹过而微微颤动。“好<<girl>>，过来。”<<he>>向你伸出手。<br><<link [[主动凑上前|Eden Wolf Pet Head Eden Accept]]>><<npcincr Eden love 5>><<npcincr Eden dom 2>><<gglove>><<gdom>><</link>><br><<if $speech_attitude is 'bratty' >><<link [[拒绝|Eden Wolf Pet Head Eden Refuse]]>><</link>><</if>><br><<else>><<clearingedenactions>><</if>>",
            "_comment2": "靠近伊甸增加pc狼转化（伊甸要求）摸头入口"
          },
          {
            "passage": "Eden Clearing",
            "findString": "<br>\n\n<<elseif ($edenfreedom is 2 and $edendays gte 8 and Time.hour gte 6)",
            "replace": "<br>\n\n<<elseif ($edenspring gte 1 && Time.hour gte 7 && random(1,15) is 15 && $daily.eden_wolf_crash isnot 1) && (Time.hour lt 11 || Time.hour gte 15) && ($wolfgirl gte 4 || $fox gte 4)>><<npc Eden>><<person1>>你在小屋的空地上。看到伊甸从小屋里出来，<<he>>走到你附近并伸了个懒腰。他<<he>>看起来放松了警惕。<br>你有了一个想法。<br><br><<link [[实施它|Eden Wolf Crash 2]] >><<set $daily.eden_wolf_crash to 1>><</link>><br><<link [[还是算了|Eden Wolf Crash Give Up]]>><<set $daily.eden_wolf_crash to 1>><</link>><<elseif ($edenfreedom is 2 and $edendays gte 8 and Time.hour gte 6)",
            "_comment3": "狼头车pc怒创伊甸"
          },
          {
            "passage": "Widgets Cabin",
            "findString": "<br><br>\n\n\t<<if !$edenfurniture>>",
            "replace": "<<if (($transformationParts.wolf.ears isnot 'hidden' or $transformationParts.cat.ears isnot 'hidden' or $transformationParts.fox.ears isnot 'hidden') && $daily.eden_pet_head isnot 1) && ($wolfgirl gte 4 || $cat gte 4 || $fox gte 4)>><<npc Eden>><<person1>><br>你在小屋空地上。微风吹过，你注意到伊甸在工作。<<he>>看起来有点疲惫。<br><br><<link [[凑上去|Eden Wolf Pet Head PC]]>><</link>><br><<set $skulduggerydifficulty to 500>><<link [[偷袭|Eden Wolf Pet Head PC Surprise]]>><</link>><<skulduggerydifficulty>><</if>><br><br>\n\n\t<<if !$edenfurniture>>",
            "_comment4": "靠近伊甸增加pc要求摸头入口"
          },
          {
            "passage": "Eden Clearing",
            "findString": "<<if Time.hour gte 9 and Time.hour lte 10>>\n\t\t",
            "replace": "<<if (Time.hour gte 9 and Time.hour lte 10 && $NPCName[6].lust gte 50 && random(1,10) is 10 && $edenspring gte 0 && $edenspring lt 4 && $daily.eden_wolf_game isnot 1) && ($wolfgirl gte 4 || $fox gte 4)>><<npc Eden>><<person1>><<set $daily.eden_wolf_game to 1>>你在小屋空地上。你注意到伊甸正在泉水旁边，水池周围还散落着一些你之前从水里捞上来但并没有扔掉的树枝和落叶。<br>“呃……”你抖抖耳朵，感觉有种不好的预感。你偷偷瞟了伊甸一眼，出乎意料的是<<he>>并没有因为你没有清理干净这些残枝败叶而生气的迹象，反而是从里面挑出一根粗细适中的枝条并反复查看。<br><br>粗细正好符合你口腔的大小。你有些不解地看着<<he>>。<br>“想要放松一下吗？”<<he>>转身看向你，并晃了晃手里的树枝。<br><<link [[接受|Eden Wolf Game 2]]>><</link>><br><<link [[拒绝|Eden Wolf Game Refuse]]>><</link>><<elseif Time.hour gte 9 and Time.hour lte 10>>\n\t\t",
            "_comment5": "犬科转化伊甸抛接树枝入口"
          },
          {
            "passage": "Eden Breakfast",
            "findString": "<<set $outside to 0>><<set $location to \"cabin\">><<effects>>",
            "replace": "<<set $outside to 0>><<set $location to \"cabin\">><<effects>><<set $daily.eden_random_breakfast to Math.floor(($rng-1)/20)>><<set $daily.eden_breakfast to $phase>>",
            "_comment7": "插入一条储存当前phase和rng的变量，用于输出早餐差分图像"
          },
          {
            "passage": "Eden Dinner",
            "findString": "<<set $outside to 0>><<set $location to \"cabin\">><<effects>>",
            "replace": "<<set $outside to 0>><<set $location to \"cabin\">><<effects>><<set $daily.eden_dinner to Math.floor(($rng-1)/20)>>",
            "_comment8": "插入一条储存当前rng的变量，用于输出晚餐差分图像"
          },
          {
            "passage": "Eden Cabin Bed",
            "findString": "<<set $bedGuest to \"Eden\">>",
            "replace": "<<set $bedGuest to \"Eden\">><<set $daily.eden_sleep to 1>>",
            "_comment9": "插入一条daily.eden_sleep变量，用于输出伊甸睡觉图像"
          },
          {
            "passage": "Eden Cabin",
            "findString": "Eden Cabin]]>><<endevent>><</link>>\n\t\t\t<br>",
            "replace": "Eden Cabin]]>><<endevent>><<set $daily.eden_sleep to 1>><</link>>\n\t\t\t<br>",
            "_comment9": "插入一条daily.eden_sleep变量，用于输出伊甸睡觉图像"
          },
          {
            "passage": "Eden Clearing",
            "findString": "<br><br>\n\n\t\t\t<<if Time.monthName is \"November\" and $edenprepare is 1>>",
            "replace": "<br><br><<set $daily.eden_hunting to 1>>\n\n\t\t\t<<if Time.monthName is \"November\" and $edenprepare is 1>>",
            "_comment9": "插入一条daily.eden_hunting变量，用于记录伊甸今天打猎过了没"
          },
          {
            "passage": "Eden Breakfast",
            "findString": "<<elseif $phase is 0>>",
            "replace": "<<elseif $phase is 0>><<set $daily.eden_breakfast_lust to 1>>",
            "_comment7": "插入一条记录今天是否和伊甸发生过早餐瑟瑟事件的变量"
          },
          {
            "passage": "Eden Clearing",
            "findString": "|Eden Firewood Sex]]>><<set $sexstart to 1>><<npcincr Eden love 1>><<npcincr Eden dom 1>><</link>>\n\t\t\t<br>\n\t\t\t",
            "replace": "|Eden Firewood Sex]]>><<set $sexstart to 1>><<set $daily.eden_chop_lust to 1>><<npcincr Eden love 1>><<npcincr Eden dom 1>><</link>>\n\t\t\t<br>\n\t\t\t",
            "_comment7": "插入一条记录今天是否和伊甸发生过斧子瑟瑟事件的变量"
          },
          {
            "passage": "Eden Clearing",
            "findString": "|Eden Firewood Refuse]]>><<npcincr Eden love -3>><<npcincr Eden dom -1>><</link>><<lllove>><<ldom>>\n\t\t\t<br>",
            "replace": "|Eden Firewood Refuse]]>><<npcincr Eden love -3>><<set $daily.eden_chop_lust to 1>><<npcincr Eden dom -1>><</link>><<lllove>><<ldom>>\n\t\t\t<br>",
            "_comment7": "插入一条记录今天是否和伊甸发生过斧子瑟瑟事件的变量（拒绝选择）"
          },
          {
            "passage": "Eden Clearing",
            "findString": "<<pass 20>><<npcincr Eden love 1>><<npcincr Eden dom 1>><</link>><<glove>><<gdom>>\n\t\t\t<br>",
            "replace": "<<pass 20>><<npcincr Eden love 1>><<set $eden_hurt to 1>><<npcincr Eden dom 1>><</link>><<glove>><<gdom>>\n\t\t\t<br>",
            "_comment7": "插入一条记录是否处在受伤事件中的变量"
          },
          {
            "passage": "Eden Clearing",
            "findString": "|Eden Wounds Nod]]>><</link>>",
            "replace": "|Eden Wounds Nod]]>><<set $eden_hurt to 1>><</link>>",
            "_comment7": "插入一条记录是否处在受伤事件中的变量"
          },
          {
            "passage": "Clearing Spring",
            "findString": "<br>\n<<else>>",
            "replace": "<br>\n<<elseif !$daily.eden_water_fight and ((Time.hour gte 9 and Time.hour lt 11) or (Time.hour gt 14 and Time.hour lte 16)) and random(1,5) is 5>><<npc Eden>><<person1>>你在泉水边缘放松，闭上眼睛享受着清凉的水温以及森林的宁静。你睁开眼偏过头注意到伊甸正在看着你。<br><br><<link [[向<<he>>挥手|Eden Water Fight]]>><<set $daily.eden_water_fight to 1>><</link>><br><<link [[偏过头去|Eden Water Fight]]>><<set $daily.eden_water_fight to 2>><</link>><<else>>",
            "_comment7": "伊甸打水仗"
          },
          {
            "passage": "Cabin Actions",
            "findString": "<<effects>><<getTarget true>>",
            "replace": "<<effects>><<getTarget true>><<if Time.hour is 17 and $rng gte 80 and !$daily.eden_sniff>><<set $daily.eden_sniff to 1>>你在你们的大床旁边。温暖的毛毯以及舒适的被窝整齐又服帖地盖在床铺上。<br>你可以感受的到上面未散去的伊甸的气息。<<ggarousal>><<arousal +5>><br><br><<link [[靠近|Eden Sniff]]>><</link>><br><<link [[算了|Cabin Actions]]>><</link>><<else>>",
            "_comment7": "pc闻闻"
          },
          {
            "passage": "Cabin Actions",
            "findString": "<</if>>\n</div>",
            "replace": "<</if>>\n<</if>></div>",
            "_comment7": "pc闻闻（这段用于添加结束标签）"
          },
          {
            "passage": "Eden Lunch",
            "findString": "<</if>>\n<br><br>",
            "replace": "<</if>>\n<br><br><<set $daily.eden_lunch to Math.floor(($rng-1)/20)>>",
            "_comment7": "记录午餐rng"
          }
          
          
          
        ]
      },
      {
        "modName": "ModLoader DoL ImageLoaderHook",
        "addonName": "ImageLoaderAddon",
        "modVersion": "2.0.0"
      }
    ],
    "dependenceInfo": [
      {
        "modName": "TweeReplacer",
        "version": "^1.0.0"
      },
      {
        "modName": "ReplacePatcher",
        "version": "^1.0.0"
      },
      {
        "modName": "Simple Frameworks",
        "version": ">=1.0.0"
      }
    ]
}